chr	pos	ref	alt
chr1	17349146	TATAG	T
chr1	45797417	T	TG
chr1	45798588	A	G
chr1	45798993	C	A
chr1	156105704	G	A
chr1	156105712	GC	G
chr1	156107442	C	G
chr10	89690847	G	A
chr11	2604767	C	T
chr11	5247153	G	A
chr11	47355103	C	T
chr11	47357445	TCCACGCTGTAG	T
chr11	47368189	GAA	G
chr11	47371603	A	AG
chr11	47372101	CT	C
chr11	64577581	T	C
chr11	94180442	G	A
chr11	108119829	G	A
chr11	108143512	G	GT
chr11	108196143	C	T
chr13	20766921	C	T
chr13	32893411	CCG	C
chr13	32906535	G	GT
chr13	32906999	GA	G
chr13	32907503	AC	A
chr13	32911017	T	TA
chr13	32911461	TGAACAAATGGGCA	T
chr13	32912007	C	A
chr13	32912618	GGAAA	G
chr13	32912749	AG	A
chr13	32913053	CTA	C
chr13	32913334	GCT	G
chr13	32913558	CAAAA	C
chr13	32914142	AT	A
chr13	32915039	G	T
chr13	32915129	TC	T
chr13	32920974	A	ATT
chr13	32929014	CAA	C
chr13	32930667	C	CA
chr13	101101551	G	C
chr14	95579443	G	A
chr15	48766457	C	T
chr16	23647169	AC	A
chr16	68772211	G	A
chr17	3397702	C	A
chr17	41203105	A	T
chr17	41219647	AG	A
chr17	41223045	T	TC
chr17	41234468	GA	G
chr17	41243496	A	T
chr17	41243557	G	A
chr17	41244131	AC	A
chr17	41244239	A	AG
chr17	41244251	AG	A
chr17	41244309	A	T
chr17	41244557	A	ATT
chr17	41244681	G	GA
chr17	41244913	C	A
chr17	41244981	T	TAATCA
chr17	41245070	TG	T
chr17	41245469	G	GTA
chr17	41245470	T	TTA
chr17	41245922	ATTCTGCTCCG	A
chr17	41245972	G	A
chr17	41246125	TTAAG	T
chr17	41246589	CT	C
chr17	41256205	G	GA
chr17	41256236	GGA	G
chr17	41256249	CCT	C
chr17	41256936	C	A
chr17	42429772	C	T
chr17	78184624	AC	A
chr18	44104697	G	A
chr19	11216002	G	C
chr19	11216173	C	G
chr19	11221440	ATGCGAAGG	A
chr19	11224024	C	A
chr19	11224291	C	T
chr19	47259648	C	T
chr2	47630251	CGT	C
chr2	47630512	A	AG
chr2	47630512	A	AGG
chr2	47702265	C	T
chr2	48026735	ATCT	A
chr2	48027381	T	TA
chr2	48033635	T	TATTA
chr2	48033638	T	TA
chr21	44483184	A	G
chr22	29095913	T	TC
chr3	10183773	C	T
chr3	37053575	G	GA
chr3	37061869	AC	A
chr3	37090101	G	C
chr3	37090101	G	T
chr3	38620967	GA	G
chr5	7883859	T	C
chr5	112111351	A	T
chr5	112154967	T	TA
chr5	112162813	C	T
chr5	112174094	T	TA
chr5	112174758	AAGAG	A
chr5	112176778	TAATG	T
chr5	149340544	T	C
chr6	74351529	AT	A
chr6	80878662	G	C
chr7	117199666	AAT	A
chr7	117232274	C	T
chr7	117235044	C	T
chr7	117280015	C	T
chr7	150644541	G	C
chr7	150655518	G	T
chr8	90967509	A	T
chr9	21971208	C	G
chrX	70328186	G	A
chrX	70443765	C	G
chrX	138643994	C	T
chrX	153760484	C	A
chrX	153760484	C	G
